{"cameraMode":{"drawMode":0,"name":"Shaded","section":"Shading Mode"},"sceneLighting":true,"audioPlay":false,"sceneViewState":{"m_AlwaysRefresh":false,"showFog":true,"showSkybox":true,"showFlares":true,"showImageEffects":true,"showParticleSystems":true,"showVisualEffectGraphs":true,"m_FxEnabled":true},"in2DMode":false,"pivot":{"x":-368.94281005859377,"y":1.0246020555496216,"z":-326.5221252441406},"rotation":{"x":-0.0006036759587004781,"y":0.010810879990458489,"z":0.00021804020798299462,"w":0.9997348189353943},"size":4.238980293273926,"orthographic":false}